filename,width,height,class,xmin,ymin,xmax,ymax
image10.jpg,839,969,pikachu,22,35,819,932
image11.jpg,400,300,pikachu,2,22,400,299
image12.jpg,840,969,pikachu,1,37,812,935
image13.jpg,880,660,pikachu,5,7,859,616
image14.jpg,639,470,pikachu,8,3,631,464
image16.jpg,480,478,pikachu,70,122,354,451
image17.jpg,700,702,pikachu,2,16,494,559
image18.jpg,480,479,pikachu,1,8,338,377
image2.jpg,768,433,pikachu,356,3,648,433
image20.jpg,368,359,pikachu,8,13,345,352
image21.jpg,428,431,pikachu,2,7,422,419
image23.jpg,378,518,pikachu,250,39,367,322
image25.jpg,184,274,pikachu,110,143,184,271
image27.jpg,600,300,pikachu,71,1,365,221
image28.jpg,316,214,pikachu,186,13,302,144
image29.jpg,719,349,pikachu,234,81,641,284
image3.jpg,500,500,pikachu,79,7,500,494
image31.jpg,526,345,pikachu,392,219,472,284
image32.jpg,530,354,pikachu,232,139,339,241
image33.jpg,530,358,pikachu,332,137,530,350
image34.jpg,507,331,pikachu,210,20,300,84
image35.jpg,526,348,pikachu,291,218,364,331
image36.jpg,506,328,pikachu,297,132,410,223
image37.jpg,516,353,pikachu,111,1,446,344
image39.jpg,533,357,pikachu,208,67,347,322
image4.jpg,499,507,pikachu,118,26,419,473
image40.jpg,535,301,pikachu,236,40,307,268
image41.jpg,453,306,pikachu,141,38,302,248
image42.jpg,557,277,pikachu,146,175,381,254
image43.jpg,503,276,pikachu,37,118,183,232
image44.jpg,659,289,pikachu,456,2,647,200
image45.jpg,636,296,pikachu,214,17,626,285
image46.jpg,628,289,pikachu,16,169,242,283
image47.jpg,561,297,pikachu,320,113,406,231
image48.jpg,354,289,pikachu,127,31,295,161
image49.jpg,375,313,pikachu,129,5,295,262
image5.jpg,800,566,pikachu,134,29,577,543
image6.jpg,630,400,pikachu,121,1,506,400
image7.jpg,800,630,pikachu,1,1,800,630
image9.jpg,498,506,pikachu,77,22,377,478
