<annotation>
	<folder>images</folder>
	<filename>image17.jpg</filename>
	<path>C:\Users\mayan\Desktop\images\image17.jpg</path>
	<source>
		<database>Unknown</database>
	</source>
	<size>
		<width>700</width>
		<height>702</height>
		<depth>3</depth>
	</size>
	<segmented>0</segmented>
	<object>
		<name>pikachu</name>
		<pose>Unspecified</pose>
		<truncated>0</truncated>
		<difficult>0</difficult>
		<bndbox>
			<xmin>2</xmin>
			<ymin>16</ymin>
			<xmax>494</xmax>
			<ymax>559</ymax>
		</bndbox>
	</object>
</annotation>
