<annotation>
	<folder>images</folder>
	<filename>image36.JPG</filename>
	<path>C:\Users\mayan\Desktop\images\image36.JPG</path>
	<source>
		<database>Unknown</database>
	</source>
	<size>
		<width>506</width>
		<height>328</height>
		<depth>3</depth>
	</size>
	<segmented>0</segmented>
	<object>
		<name>pikachu</name>
		<pose>Unspecified</pose>
		<truncated>0</truncated>
		<difficult>0</difficult>
		<bndbox>
			<xmin>297</xmin>
			<ymin>132</ymin>
			<xmax>410</xmax>
			<ymax>223</ymax>
		</bndbox>
	</object>
</annotation>
