<annotation>
	<folder>images</folder>
	<filename>image32.JPG</filename>
	<path>C:\Users\mayan\Desktop\images\image32.JPG</path>
	<source>
		<database>Unknown</database>
	</source>
	<size>
		<width>530</width>
		<height>354</height>
		<depth>3</depth>
	</size>
	<segmented>0</segmented>
	<object>
		<name>pikachu</name>
		<pose>Unspecified</pose>
		<truncated>0</truncated>
		<difficult>0</difficult>
		<bndbox>
			<xmin>232</xmin>
			<ymin>139</ymin>
			<xmax>339</xmax>
			<ymax>241</ymax>
		</bndbox>
	</object>
</annotation>
