<annotation>
	<folder>images</folder>
	<filename>image43.JPG</filename>
	<path>C:\Users\mayan\Desktop\images\image43.JPG</path>
	<source>
		<database>Unknown</database>
	</source>
	<size>
		<width>503</width>
		<height>276</height>
		<depth>3</depth>
	</size>
	<segmented>0</segmented>
	<object>
		<name>pikachu</name>
		<pose>Unspecified</pose>
		<truncated>0</truncated>
		<difficult>0</difficult>
		<bndbox>
			<xmin>37</xmin>
			<ymin>118</ymin>
			<xmax>183</xmax>
			<ymax>232</ymax>
		</bndbox>
	</object>
</annotation>
