<annotation>
	<folder>images</folder>
	<filename>image4.jpg</filename>
	<path>C:\Users\mayan\Desktop\images\image4.jpg</path>
	<source>
		<database>Unknown</database>
	</source>
	<size>
		<width>499</width>
		<height>507</height>
		<depth>3</depth>
	</size>
	<segmented>0</segmented>
	<object>
		<name>pikachu</name>
		<pose>Unspecified</pose>
		<truncated>0</truncated>
		<difficult>0</difficult>
		<bndbox>
			<xmin>118</xmin>
			<ymin>26</ymin>
			<xmax>419</xmax>
			<ymax>473</ymax>
		</bndbox>
	</object>
</annotation>
