<annotation>
	<folder>images</folder>
	<filename>image2.jpg</filename>
	<path>C:\Users\mayan\Desktop\images\image2.jpg</path>
	<source>
		<database>Unknown</database>
	</source>
	<size>
		<width>768</width>
		<height>433</height>
		<depth>3</depth>
	</size>
	<segmented>0</segmented>
	<object>
		<name>pikachu</name>
		<pose>Unspecified</pose>
		<truncated>1</truncated>
		<difficult>0</difficult>
		<bndbox>
			<xmin>356</xmin>
			<ymin>3</ymin>
			<xmax>648</xmax>
			<ymax>433</ymax>
		</bndbox>
	</object>
</annotation>
