<annotation>
	<folder>images</folder>
	<filename>image20.jpg</filename>
	<path>C:\Users\mayan\Desktop\images\image20.jpg</path>
	<source>
		<database>Unknown</database>
	</source>
	<size>
		<width>368</width>
		<height>359</height>
		<depth>3</depth>
	</size>
	<segmented>0</segmented>
	<object>
		<name>pikachu</name>
		<pose>Unspecified</pose>
		<truncated>0</truncated>
		<difficult>0</difficult>
		<bndbox>
			<xmin>8</xmin>
			<ymin>13</ymin>
			<xmax>345</xmax>
			<ymax>352</ymax>
		</bndbox>
	</object>
</annotation>
