<annotation>
	<folder>images</folder>
	<filename>image12.jpg</filename>
	<path>C:\Users\mayan\Desktop\images\image12.jpg</path>
	<source>
		<database>Unknown</database>
	</source>
	<size>
		<width>840</width>
		<height>969</height>
		<depth>3</depth>
	</size>
	<segmented>0</segmented>
	<object>
		<name>pikachu</name>
		<pose>Unspecified</pose>
		<truncated>1</truncated>
		<difficult>0</difficult>
		<bndbox>
			<xmin>1</xmin>
			<ymin>37</ymin>
			<xmax>812</xmax>
			<ymax>935</ymax>
		</bndbox>
	</object>
</annotation>
