<annotation>
	<folder>images</folder>
	<filename>image29.JPG</filename>
	<path>C:\Users\mayan\Desktop\images\image29.JPG</path>
	<source>
		<database>Unknown</database>
	</source>
	<size>
		<width>719</width>
		<height>349</height>
		<depth>3</depth>
	</size>
	<segmented>0</segmented>
	<object>
		<name>pikachu</name>
		<pose>Unspecified</pose>
		<truncated>0</truncated>
		<difficult>0</difficult>
		<bndbox>
			<xmin>234</xmin>
			<ymin>81</ymin>
			<xmax>641</xmax>
			<ymax>284</ymax>
		</bndbox>
	</object>
</annotation>
