<annotation>
	<folder>images</folder>
	<filename>image37.JPG</filename>
	<path>C:\Users\mayan\Desktop\images\image37.JPG</path>
	<source>
		<database>Unknown</database>
	</source>
	<size>
		<width>516</width>
		<height>353</height>
		<depth>3</depth>
	</size>
	<segmented>0</segmented>
	<object>
		<name>pikachu</name>
		<pose>Unspecified</pose>
		<truncated>1</truncated>
		<difficult>0</difficult>
		<bndbox>
			<xmin>111</xmin>
			<ymin>1</ymin>
			<xmax>446</xmax>
			<ymax>344</ymax>
		</bndbox>
	</object>
</annotation>
