<annotation>
	<folder>images</folder>
	<filename>image42.JPG</filename>
	<path>C:\Users\mayan\Desktop\images\image42.JPG</path>
	<source>
		<database>Unknown</database>
	</source>
	<size>
		<width>557</width>
		<height>277</height>
		<depth>3</depth>
	</size>
	<segmented>0</segmented>
	<object>
		<name>pikachu</name>
		<pose>Unspecified</pose>
		<truncated>0</truncated>
		<difficult>0</difficult>
		<bndbox>
			<xmin>146</xmin>
			<ymin>175</ymin>
			<xmax>381</xmax>
			<ymax>254</ymax>
		</bndbox>
	</object>
</annotation>
