<annotation>
	<folder>images</folder>
	<filename>image10.jpg</filename>
	<path>C:\Users\mayan\Desktop\images\image10.jpg</path>
	<source>
		<database>Unknown</database>
	</source>
	<size>
		<width>839</width>
		<height>969</height>
		<depth>3</depth>
	</size>
	<segmented>0</segmented>
	<object>
		<name>pikachu</name>
		<pose>Unspecified</pose>
		<truncated>0</truncated>
		<difficult>0</difficult>
		<bndbox>
			<xmin>22</xmin>
			<ymin>35</ymin>
			<xmax>819</xmax>
			<ymax>932</ymax>
		</bndbox>
	</object>
</annotation>
