<annotation>
	<folder>images</folder>
	<filename>intro-1543321039.jpg</filename>
	<path>C:\Users\mayan\Desktop\images\intro-1543321039.jpg</path>
	<source>
		<database>Unknown</database>
	</source>
	<size>
		<width>780</width>
		<height>439</height>
		<depth>3</depth>
	</size>
	<segmented>0</segmented>
	<object>
		<name>pikachu</name>
		<pose>Unspecified</pose>
		<truncated>1</truncated>
		<difficult>0</difficult>
		<bndbox>
			<xmin>117</xmin>
			<ymin>83</ymin>
			<xmax>386</xmax>
			<ymax>439</ymax>
		</bndbox>
	</object>
</annotation>
