<annotation>
	<folder>images</folder>
	<filename>image44.JPG</filename>
	<path>C:\Users\mayan\Desktop\images\image44.JPG</path>
	<source>
		<database>Unknown</database>
	</source>
	<size>
		<width>659</width>
		<height>289</height>
		<depth>3</depth>
	</size>
	<segmented>0</segmented>
	<object>
		<name>pikachu</name>
		<pose>Unspecified</pose>
		<truncated>0</truncated>
		<difficult>0</difficult>
		<bndbox>
			<xmin>456</xmin>
			<ymin>2</ymin>
			<xmax>647</xmax>
			<ymax>200</ymax>
		</bndbox>
	</object>
</annotation>
