<annotation>
	<folder>images</folder>
	<filename>image45.JPG</filename>
	<path>C:\Users\mayan\Desktop\images\image45.JPG</path>
	<source>
		<database>Unknown</database>
	</source>
	<size>
		<width>636</width>
		<height>296</height>
		<depth>3</depth>
	</size>
	<segmented>0</segmented>
	<object>
		<name>pikachu</name>
		<pose>Unspecified</pose>
		<truncated>0</truncated>
		<difficult>0</difficult>
		<bndbox>
			<xmin>214</xmin>
			<ymin>17</ymin>
			<xmax>626</xmax>
			<ymax>285</ymax>
		</bndbox>
	</object>
</annotation>
