<annotation>
	<folder>images</folder>
	<filename>image41.JPG</filename>
	<path>C:\Users\mayan\Desktop\images\image41.JPG</path>
	<source>
		<database>Unknown</database>
	</source>
	<size>
		<width>453</width>
		<height>306</height>
		<depth>3</depth>
	</size>
	<segmented>0</segmented>
	<object>
		<name>pikachu</name>
		<pose>Unspecified</pose>
		<truncated>0</truncated>
		<difficult>0</difficult>
		<bndbox>
			<xmin>141</xmin>
			<ymin>38</ymin>
			<xmax>302</xmax>
			<ymax>248</ymax>
		</bndbox>
	</object>
</annotation>
