<annotation>
	<folder>images</folder>
	<filename>image5.jpg</filename>
	<path>C:\Users\mayan\Desktop\images\image5.jpg</path>
	<source>
		<database>Unknown</database>
	</source>
	<size>
		<width>800</width>
		<height>566</height>
		<depth>3</depth>
	</size>
	<segmented>0</segmented>
	<object>
		<name>pikachu</name>
		<pose>Unspecified</pose>
		<truncated>0</truncated>
		<difficult>0</difficult>
		<bndbox>
			<xmin>134</xmin>
			<ymin>29</ymin>
			<xmax>577</xmax>
			<ymax>543</ymax>
		</bndbox>
	</object>
</annotation>
