<annotation>
	<folder>images</folder>
	<filename>image25.jpg</filename>
	<path>C:\Users\mayan\Desktop\images\image25.jpg</path>
	<source>
		<database>Unknown</database>
	</source>
	<size>
		<width>184</width>
		<height>274</height>
		<depth>3</depth>
	</size>
	<segmented>0</segmented>
	<object>
		<name>pikachu</name>
		<pose>Unspecified</pose>
		<truncated>1</truncated>
		<difficult>0</difficult>
		<bndbox>
			<xmin>110</xmin>
			<ymin>143</ymin>
			<xmax>184</xmax>
			<ymax>271</ymax>
		</bndbox>
	</object>
</annotation>
