<annotation>
	<folder>images</folder>
	<filename>image27.jpg</filename>
	<path>C:\Users\mayan\Desktop\images\image27.jpg</path>
	<source>
		<database>Unknown</database>
	</source>
	<size>
		<width>600</width>
		<height>300</height>
		<depth>3</depth>
	</size>
	<segmented>0</segmented>
	<object>
		<name>pikachu</name>
		<pose>Unspecified</pose>
		<truncated>1</truncated>
		<difficult>0</difficult>
		<bndbox>
			<xmin>71</xmin>
			<ymin>1</ymin>
			<xmax>365</xmax>
			<ymax>221</ymax>
		</bndbox>
	</object>
</annotation>
