<annotation>
	<folder>images</folder>
	<filename>image23.jpg</filename>
	<path>C:\Users\mayan\Desktop\images\image23.jpg</path>
	<source>
		<database>Unknown</database>
	</source>
	<size>
		<width>378</width>
		<height>518</height>
		<depth>3</depth>
	</size>
	<segmented>0</segmented>
	<object>
		<name>pikachu</name>
		<pose>Unspecified</pose>
		<truncated>0</truncated>
		<difficult>0</difficult>
		<bndbox>
			<xmin>250</xmin>
			<ymin>39</ymin>
			<xmax>367</xmax>
			<ymax>322</ymax>
		</bndbox>
	</object>
</annotation>
