<annotation>
	<folder>images</folder>
	<filename>image39.JPG</filename>
	<path>C:\Users\mayan\Desktop\images\image39.JPG</path>
	<source>
		<database>Unknown</database>
	</source>
	<size>
		<width>533</width>
		<height>357</height>
		<depth>3</depth>
	</size>
	<segmented>0</segmented>
	<object>
		<name>pikachu</name>
		<pose>Unspecified</pose>
		<truncated>0</truncated>
		<difficult>0</difficult>
		<bndbox>
			<xmin>208</xmin>
			<ymin>67</ymin>
			<xmax>347</xmax>
			<ymax>322</ymax>
		</bndbox>
	</object>
</annotation>
