<annotation>
	<folder>images</folder>
	<filename>image6.jpg</filename>
	<path>C:\Users\mayan\Desktop\images\image6.jpg</path>
	<source>
		<database>Unknown</database>
	</source>
	<size>
		<width>630</width>
		<height>400</height>
		<depth>3</depth>
	</size>
	<segmented>0</segmented>
	<object>
		<name>pikachu</name>
		<pose>Unspecified</pose>
		<truncated>1</truncated>
		<difficult>0</difficult>
		<bndbox>
			<xmin>121</xmin>
			<ymin>1</ymin>
			<xmax>506</xmax>
			<ymax>400</ymax>
		</bndbox>
	</object>
</annotation>
