<annotation>
	<folder>images</folder>
	<filename>image14.jpg</filename>
	<path>C:\Users\mayan\Desktop\images\image14.jpg</path>
	<source>
		<database>Unknown</database>
	</source>
	<size>
		<width>639</width>
		<height>470</height>
		<depth>3</depth>
	</size>
	<segmented>0</segmented>
	<object>
		<name>pikachu</name>
		<pose>Unspecified</pose>
		<truncated>0</truncated>
		<difficult>0</difficult>
		<bndbox>
			<xmin>8</xmin>
			<ymin>3</ymin>
			<xmax>631</xmax>
			<ymax>464</ymax>
		</bndbox>
	</object>
</annotation>
