<annotation>
	<folder>images</folder>
	<filename>image9.jpg</filename>
	<path>C:\Users\mayan\Desktop\images\image9.jpg</path>
	<source>
		<database>Unknown</database>
	</source>
	<size>
		<width>498</width>
		<height>506</height>
		<depth>3</depth>
	</size>
	<segmented>0</segmented>
	<object>
		<name>pikachu</name>
		<pose>Unspecified</pose>
		<truncated>0</truncated>
		<difficult>0</difficult>
		<bndbox>
			<xmin>77</xmin>
			<ymin>22</ymin>
			<xmax>377</xmax>
			<ymax>478</ymax>
		</bndbox>
	</object>
</annotation>
