<annotation>
	<folder>images</folder>
	<filename>image46.JPG</filename>
	<path>C:\Users\mayan\Desktop\images\image46.JPG</path>
	<source>
		<database>Unknown</database>
	</source>
	<size>
		<width>628</width>
		<height>289</height>
		<depth>3</depth>
	</size>
	<segmented>0</segmented>
	<object>
		<name>pikachu</name>
		<pose>Unspecified</pose>
		<truncated>0</truncated>
		<difficult>0</difficult>
		<bndbox>
			<xmin>16</xmin>
			<ymin>169</ymin>
			<xmax>242</xmax>
			<ymax>283</ymax>
		</bndbox>
	</object>
</annotation>
