<annotation>
	<folder>images</folder>
	<filename>image47.JPG</filename>
	<path>C:\Users\mayan\Desktop\images\image47.JPG</path>
	<source>
		<database>Unknown</database>
	</source>
	<size>
		<width>561</width>
		<height>297</height>
		<depth>3</depth>
	</size>
	<segmented>0</segmented>
	<object>
		<name>pikachu</name>
		<pose>Unspecified</pose>
		<truncated>0</truncated>
		<difficult>0</difficult>
		<bndbox>
			<xmin>320</xmin>
			<ymin>113</ymin>
			<xmax>406</xmax>
			<ymax>231</ymax>
		</bndbox>
	</object>
</annotation>
