<annotation>
	<folder>images</folder>
	<filename>image33.JPG</filename>
	<path>C:\Users\mayan\Desktop\images\image33.JPG</path>
	<source>
		<database>Unknown</database>
	</source>
	<size>
		<width>530</width>
		<height>358</height>
		<depth>3</depth>
	</size>
	<segmented>0</segmented>
	<object>
		<name>pikachu</name>
		<pose>Unspecified</pose>
		<truncated>1</truncated>
		<difficult>0</difficult>
		<bndbox>
			<xmin>332</xmin>
			<ymin>137</ymin>
			<xmax>530</xmax>
			<ymax>350</ymax>
		</bndbox>
	</object>
</annotation>
