<annotation>
	<folder>images</folder>
	<filename>image16.jpg</filename>
	<path>C:\Users\mayan\Desktop\images\image16.jpg</path>
	<source>
		<database>Unknown</database>
	</source>
	<size>
		<width>480</width>
		<height>478</height>
		<depth>3</depth>
	</size>
	<segmented>0</segmented>
	<object>
		<name>pikachu</name>
		<pose>Unspecified</pose>
		<truncated>0</truncated>
		<difficult>0</difficult>
		<bndbox>
			<xmin>70</xmin>
			<ymin>122</ymin>
			<xmax>354</xmax>
			<ymax>451</ymax>
		</bndbox>
	</object>
</annotation>
