<annotation>
	<folder>images</folder>
	<filename>image11.jpg</filename>
	<path>C:\Users\mayan\Desktop\images\image11.jpg</path>
	<source>
		<database>Unknown</database>
	</source>
	<size>
		<width>400</width>
		<height>300</height>
		<depth>3</depth>
	</size>
	<segmented>0</segmented>
	<object>
		<name>pikachu</name>
		<pose>Unspecified</pose>
		<truncated>1</truncated>
		<difficult>0</difficult>
		<bndbox>
			<xmin>2</xmin>
			<ymin>22</ymin>
			<xmax>400</xmax>
			<ymax>299</ymax>
		</bndbox>
	</object>
</annotation>
