<annotation>
	<folder>images</folder>
	<filename>image48.JPG</filename>
	<path>C:\Users\mayan\Desktop\images\image48.JPG</path>
	<source>
		<database>Unknown</database>
	</source>
	<size>
		<width>354</width>
		<height>289</height>
		<depth>3</depth>
	</size>
	<segmented>0</segmented>
	<object>
		<name>pikachu</name>
		<pose>Unspecified</pose>
		<truncated>0</truncated>
		<difficult>0</difficult>
		<bndbox>
			<xmin>127</xmin>
			<ymin>31</ymin>
			<xmax>295</xmax>
			<ymax>161</ymax>
		</bndbox>
	</object>
</annotation>
