<annotation>
	<folder>images</folder>
	<filename>image3.jpg</filename>
	<path>C:\Users\mayan\Desktop\images\image3.jpg</path>
	<source>
		<database>Unknown</database>
	</source>
	<size>
		<width>500</width>
		<height>500</height>
		<depth>3</depth>
	</size>
	<segmented>0</segmented>
	<object>
		<name>pikachu</name>
		<pose>Unspecified</pose>
		<truncated>1</truncated>
		<difficult>0</difficult>
		<bndbox>
			<xmin>79</xmin>
			<ymin>7</ymin>
			<xmax>500</xmax>
			<ymax>494</ymax>
		</bndbox>
	</object>
</annotation>
