<annotation>
	<folder>images</folder>
	<filename>image18.jpg</filename>
	<path>C:\Users\mayan\Desktop\images\image18.jpg</path>
	<source>
		<database>Unknown</database>
	</source>
	<size>
		<width>480</width>
		<height>479</height>
		<depth>3</depth>
	</size>
	<segmented>0</segmented>
	<object>
		<name>pikachu</name>
		<pose>Unspecified</pose>
		<truncated>1</truncated>
		<difficult>0</difficult>
		<bndbox>
			<xmin>1</xmin>
			<ymin>8</ymin>
			<xmax>338</xmax>
			<ymax>377</ymax>
		</bndbox>
	</object>
</annotation>
