<annotation>
	<folder>images</folder>
	<filename>image21.jpg</filename>
	<path>C:\Users\mayan\Desktop\images\image21.jpg</path>
	<source>
		<database>Unknown</database>
	</source>
	<size>
		<width>428</width>
		<height>431</height>
		<depth>3</depth>
	</size>
	<segmented>0</segmented>
	<object>
		<name>pikachu</name>
		<pose>Unspecified</pose>
		<truncated>0</truncated>
		<difficult>0</difficult>
		<bndbox>
			<xmin>2</xmin>
			<ymin>7</ymin>
			<xmax>422</xmax>
			<ymax>419</ymax>
		</bndbox>
	</object>
</annotation>
