<annotation>
	<folder>images</folder>
	<filename>image40.JPG</filename>
	<path>C:\Users\mayan\Desktop\images\image40.JPG</path>
	<source>
		<database>Unknown</database>
	</source>
	<size>
		<width>535</width>
		<height>301</height>
		<depth>3</depth>
	</size>
	<segmented>0</segmented>
	<object>
		<name>pikachu</name>
		<pose>Unspecified</pose>
		<truncated>0</truncated>
		<difficult>0</difficult>
		<bndbox>
			<xmin>236</xmin>
			<ymin>40</ymin>
			<xmax>307</xmax>
			<ymax>268</ymax>
		</bndbox>
	</object>
</annotation>
