<annotation>
	<folder>images</folder>
	<filename>image28.jpg</filename>
	<path>C:\Users\mayan\Desktop\images\image28.jpg</path>
	<source>
		<database>Unknown</database>
	</source>
	<size>
		<width>316</width>
		<height>214</height>
		<depth>3</depth>
	</size>
	<segmented>0</segmented>
	<object>
		<name>pikachu</name>
		<pose>Unspecified</pose>
		<truncated>0</truncated>
		<difficult>0</difficult>
		<bndbox>
			<xmin>186</xmin>
			<ymin>13</ymin>
			<xmax>302</xmax>
			<ymax>144</ymax>
		</bndbox>
	</object>
</annotation>
