<annotation>
	<folder>images</folder>
	<filename>image49.JPG</filename>
	<path>C:\Users\mayan\Desktop\images\image49.JPG</path>
	<source>
		<database>Unknown</database>
	</source>
	<size>
		<width>375</width>
		<height>313</height>
		<depth>3</depth>
	</size>
	<segmented>0</segmented>
	<object>
		<name>pikachu</name>
		<pose>Unspecified</pose>
		<truncated>0</truncated>
		<difficult>0</difficult>
		<bndbox>
			<xmin>129</xmin>
			<ymin>5</ymin>
			<xmax>295</xmax>
			<ymax>262</ymax>
		</bndbox>
	</object>
</annotation>
