<annotation>
	<folder>images</folder>
	<filename>image34.JPG</filename>
	<path>C:\Users\mayan\Desktop\images\image34.JPG</path>
	<source>
		<database>Unknown</database>
	</source>
	<size>
		<width>507</width>
		<height>331</height>
		<depth>3</depth>
	</size>
	<segmented>0</segmented>
	<object>
		<name>pikachu</name>
		<pose>Unspecified</pose>
		<truncated>0</truncated>
		<difficult>0</difficult>
		<bndbox>
			<xmin>210</xmin>
			<ymin>20</ymin>
			<xmax>300</xmax>
			<ymax>84</ymax>
		</bndbox>
	</object>
</annotation>
